-- MariaDB dump 10.19  Distrib 10.5.22-MariaDB, for Linux (x86_64)
--
-- Host: localhost    Database: school_quiz
-- ------------------------------------------------------
-- Server version	10.5.22-MariaDB

/*!40101 SET @OLD_CHARACTER_SET_CLIENT=@@CHARACTER_SET_CLIENT */;
/*!40101 SET @OLD_CHARACTER_SET_RESULTS=@@CHARACTER_SET_RESULTS */;
/*!40101 SET @OLD_COLLATION_CONNECTION=@@COLLATION_CONNECTION */;
/*!40101 SET NAMES utf8mb4 */;
/*!40103 SET @OLD_TIME_ZONE=@@TIME_ZONE */;
/*!40103 SET TIME_ZONE='+00:00' */;
/*!40014 SET @OLD_UNIQUE_CHECKS=@@UNIQUE_CHECKS, UNIQUE_CHECKS=0 */;
/*!40014 SET @OLD_FOREIGN_KEY_CHECKS=@@FOREIGN_KEY_CHECKS, FOREIGN_KEY_CHECKS=0 */;
/*!40101 SET @OLD_SQL_MODE=@@SQL_MODE, SQL_MODE='NO_AUTO_VALUE_ON_ZERO' */;
/*!40111 SET @OLD_SQL_NOTES=@@SQL_NOTES, SQL_NOTES=0 */;

--
-- Table structure for table `Attempts`
--

DROP TABLE IF EXISTS `Attempts`;
/*!40101 SET @saved_cs_client     = @@character_set_client */;
/*!40101 SET character_set_client = utf8 */;
CREATE TABLE `Attempts` (
  `id` int(11) NOT NULL AUTO_INCREMENT,
  `quizId` int(11) NOT NULL,
  `nickname` varchar(255) NOT NULL,
  `score` int(11) NOT NULL,
  `total` int(11) NOT NULL,
  `time` int(11) NOT NULL,
  `createdAt` datetime NOT NULL,
  `updatedAt` datetime NOT NULL,
  PRIMARY KEY (`id`)
) ENGINE=InnoDB DEFAULT CHARSET=latin1 COLLATE=latin1_swedish_ci;
/*!40101 SET character_set_client = @saved_cs_client */;

--
-- Dumping data for table `Attempts`
--

LOCK TABLES `Attempts` WRITE;
/*!40000 ALTER TABLE `Attempts` DISABLE KEYS */;
/*!40000 ALTER TABLE `Attempts` ENABLE KEYS */;
UNLOCK TABLES;

--
-- Table structure for table `Media`
--

DROP TABLE IF EXISTS `Media`;
/*!40101 SET @saved_cs_client     = @@character_set_client */;
/*!40101 SET character_set_client = utf8 */;
CREATE TABLE `Media` (
  `id` int(11) NOT NULL AUTO_INCREMENT,
  `url` varchar(255) NOT NULL,
  `title` varchar(255) DEFAULT NULL,
  `type` enum('image','video') NOT NULL,
  `createdAt` datetime NOT NULL,
  `updatedAt` datetime NOT NULL,
  PRIMARY KEY (`id`)
) ENGINE=InnoDB AUTO_INCREMENT=80 DEFAULT CHARSET=latin1 COLLATE=latin1_swedish_ci;
/*!40101 SET character_set_client = @saved_cs_client */;

--
-- Dumping data for table `Media`
--

LOCK TABLES `Media` WRITE;
/*!40000 ALTER TABLE `Media` DISABLE KEYS */;
INSERT INTO `Media` VALUES (1,'/uploads/1.jpg',NULL,'image','2023-11-10 12:01:57','2023-11-10 12:01:57'),(2,'/uploads/1.jpg',NULL,'image','2023-11-10 12:01:57','2023-11-10 12:01:57'),(3,'/uploads/2.jpg',NULL,'image','2023-11-10 12:01:57','2023-11-10 12:01:57'),(4,'/uploads/2.jpg',NULL,'image','2023-11-10 12:01:57','2023-11-10 12:01:57'),(5,'/uploads/3.jpg',NULL,'image','2023-11-10 12:01:58','2023-11-10 12:01:58'),(6,'/uploads/3.jpg',NULL,'image','2023-11-10 12:01:58','2023-11-10 12:01:58'),(7,'/uploads/4.jpg',NULL,'image','2023-11-10 12:01:58','2023-11-10 12:01:58'),(8,'/uploads/4.jpg',NULL,'image','2023-11-10 12:01:58','2023-11-10 12:01:58'),(9,'/uploads/5.jpg',NULL,'image','2023-11-10 12:01:58','2023-11-10 12:01:58'),(10,'/uploads/5.jpg',NULL,'image','2023-11-10 12:01:58','2023-11-10 12:01:58'),(11,'/uploads/6.jpg',NULL,'image','2023-11-10 12:01:58','2023-11-10 12:01:58'),(12,'/uploads/6.jpg',NULL,'image','2023-11-10 12:01:58','2023-11-10 12:01:58'),(13,'/uploads/7.jpg',NULL,'image','2023-11-10 12:01:58','2023-11-10 12:01:58'),(14,'/uploads/8.jpg',NULL,'image','2023-11-10 12:01:58','2023-11-10 12:01:58'),(15,'/uploads/8.jpg',NULL,'image','2023-11-10 12:01:58','2023-11-10 12:01:58'),(16,'/uploads/9.jpg',NULL,'image','2023-11-10 12:01:58','2023-11-10 12:01:58'),(17,'/uploads/9.jpg',NULL,'image','2023-11-10 12:01:58','2023-11-10 12:01:58'),(18,'/uploads/10.jpg',NULL,'image','2023-11-10 12:01:58','2023-11-10 12:01:58'),(19,'/uploads/10.jpg',NULL,'image','2023-11-10 12:01:58','2023-11-10 12:01:58'),(20,'/uploads/11.jpg',NULL,'image','2023-11-10 12:01:58','2023-11-10 12:01:58'),(21,'/uploads/12.jpg',NULL,'image','2023-11-10 12:01:58','2023-11-10 12:01:58'),(22,'/uploads/12.jpg',NULL,'image','2023-11-10 12:01:58','2023-11-10 12:01:58'),(23,'/uploads/13.jpg',NULL,'image','2023-11-10 12:01:58','2023-11-10 12:01:58'),(24,'/uploads/13.jpg',NULL,'image','2023-11-10 12:01:58','2023-11-10 12:01:58'),(25,'/uploads/14.jpg',NULL,'image','2023-11-10 12:01:58','2023-11-10 12:01:58'),(26,'/uploads/14.jpg',NULL,'image','2023-11-10 12:01:58','2023-11-10 12:01:58'),(27,'/uploads/15.jpg',NULL,'image','2023-11-10 12:01:58','2023-11-10 12:01:58'),(28,'/uploads/16.jpg',NULL,'image','2023-11-10 12:01:58','2023-11-10 12:01:58'),(29,'/uploads/16.jpg',NULL,'image','2023-11-10 12:01:58','2023-11-10 12:01:58'),(30,'/uploads/17.jpg',NULL,'image','2023-11-10 12:01:58','2023-11-10 12:01:58'),(31,'/uploads/18.jpg',NULL,'image','2023-11-10 12:01:58','2023-11-10 12:01:58'),(32,'/uploads/18.jpg',NULL,'image','2023-11-10 12:01:58','2023-11-10 12:01:58'),(33,'/uploads/19.jpg',NULL,'image','2023-11-10 12:01:58','2023-11-10 12:01:58'),(34,'/uploads/19.jpg',NULL,'image','2023-11-10 12:01:58','2023-11-10 12:01:58'),(35,'/uploads/20.jpg',NULL,'image','2023-11-10 12:01:58','2023-11-10 12:01:58'),(36,'/uploads/20.jpg',NULL,'image','2023-11-10 12:01:58','2023-11-10 12:01:58'),(37,'/uploads/21.jpg',NULL,'image','2023-11-10 12:01:58','2023-11-10 12:01:58'),(38,'/uploads/22.jpg',NULL,'image','2023-11-10 12:01:58','2023-11-10 12:01:58'),(39,'/uploads/23.jpg',NULL,'image','2023-11-10 12:01:58','2023-11-10 12:01:58'),(40,'/uploads/24.jpg',NULL,'image','2023-11-10 12:01:58','2023-11-10 12:01:58'),(41,'/uploads/25.jpg',NULL,'image','2023-11-10 12:01:58','2023-11-10 12:01:58'),(42,'/uploads/25.jpg',NULL,'image','2023-11-10 12:01:58','2023-11-10 12:01:58'),(43,'/uploads/26.jpg',NULL,'image','2023-11-10 12:01:58','2023-11-10 12:01:58'),(44,'/uploads/27.jpg',NULL,'image','2023-11-10 12:01:58','2023-11-10 12:01:58'),(45,'/uploads/29.jpg',NULL,'image','2023-11-10 12:01:58','2023-11-10 12:01:58'),(46,'/uploads/29.jpg',NULL,'image','2023-11-10 12:01:58','2023-11-10 12:01:58'),(47,'/uploads/30.jpg',NULL,'image','2023-11-10 12:01:58','2023-11-10 12:01:58'),(48,'/uploads/31.jpg',NULL,'image','2023-11-10 12:01:58','2023-11-10 12:01:58'),(49,'/uploads/32.jpg',NULL,'image','2023-11-10 12:01:58','2023-11-10 12:01:58'),(50,'/uploads/33.jpg',NULL,'image','2023-11-10 12:01:58','2023-11-10 12:01:58'),(51,'/uploads/34.jpg',NULL,'image','2023-11-10 12:01:58','2023-11-10 12:01:58'),(52,'/uploads/35.jpg',NULL,'image','2023-11-10 12:01:58','2023-11-10 12:01:58'),(53,'/uploads/36.jpg',NULL,'image','2023-11-10 12:01:58','2023-11-10 12:01:58'),(54,'/uploads/36.jpg',NULL,'image','2023-11-10 12:01:58','2023-11-10 12:01:58'),(55,'/uploads/37.jpg',NULL,'image','2023-11-10 12:01:58','2023-11-10 12:01:58'),(56,'/uploads/38.jpg',NULL,'image','2023-11-10 12:01:58','2023-11-10 12:01:58'),(57,'/uploads/39.jpg',NULL,'image','2023-11-10 12:01:58','2023-11-10 12:01:58'),(58,'/uploads/41.jpg',NULL,'image','2023-11-10 12:01:58','2023-11-10 12:01:58'),(59,'/uploads/43.jpg',NULL,'image','2023-11-10 12:01:58','2023-11-10 12:01:58'),(60,'/uploads/45.jpg',NULL,'image','2023-11-10 12:01:58','2023-11-10 12:01:58'),(61,'/uploads/46.jpg',NULL,'image','2023-11-10 12:01:58','2023-11-10 12:01:58'),(62,'/uploads/47.jpg',NULL,'image','2023-11-10 12:01:58','2023-11-10 12:01:58'),(63,'/uploads/48.jpg',NULL,'image','2023-11-10 12:01:58','2023-11-10 12:01:58'),(64,'/uploads/50.jpg',NULL,'image','2023-11-10 12:01:58','2023-11-10 12:01:58'),(65,'/uploads/51.jpg',NULL,'image','2023-11-10 12:01:58','2023-11-10 12:01:58'),(66,'/uploads/54.jpg',NULL,'image','2023-11-10 12:01:58','2023-11-10 12:01:58'),(67,'/uploads/56.jpg',NULL,'image','2023-11-10 12:01:58','2023-11-10 12:01:58'),(68,'/uploads/58.jpg',NULL,'image','2023-11-10 12:01:58','2023-11-10 12:01:58'),(69,'/uploads/59.jpg',NULL,'image','2023-11-10 12:01:58','2023-11-10 12:01:58'),(70,'/uploads/60.jpg',NULL,'image','2023-11-10 12:01:58','2023-11-10 12:01:58'),(71,'/uploads/61.jpg',NULL,'image','2023-11-10 12:01:58','2023-11-10 12:01:58'),(72,'/uploads/63.jpg',NULL,'image','2023-11-10 12:01:58','2023-11-10 12:01:58'),(73,'/uploads/64.jpg',NULL,'image','2023-11-10 12:01:58','2023-11-10 12:01:58'),(74,'/uploads/65.jpg',NULL,'image','2023-11-10 12:01:58','2023-11-10 12:01:58'),(75,'/uploads/66.jpg',NULL,'image','2023-11-10 12:01:58','2023-11-10 12:01:58'),(76,'/uploads/67.jpg',NULL,'image','2023-11-10 12:01:58','2023-11-10 12:01:58'),(77,'/uploads/68.jpg',NULL,'image','2023-11-10 12:01:58','2023-11-10 12:01:58'),(78,'/uploads/69.jpg',NULL,'image','2023-11-10 12:01:58','2023-11-10 12:01:58'),(79,'/uploads/70.jpg',NULL,'image','2023-11-10 12:01:58','2023-11-10 12:01:58');
/*!40000 ALTER TABLE `Media` ENABLE KEYS */;
UNLOCK TABLES;

--
-- Table structure for table `Options`
--

DROP TABLE IF EXISTS `Options`;
/*!40101 SET @saved_cs_client     = @@character_set_client */;
/*!40101 SET character_set_client = utf8 */;
CREATE TABLE `Options` (
  `id` int(11) NOT NULL AUTO_INCREMENT,
  `questionId` int(11) NOT NULL,
  `text` varchar(255) NOT NULL,
  `isCorrect` tinyint(1) NOT NULL,
  `createdAt` datetime NOT NULL,
  `updatedAt` datetime NOT NULL,
  PRIMARY KEY (`id`),
  UNIQUE KEY `questionId_text` (`questionId`,`text`),
  CONSTRAINT `Options_ibfk_1` FOREIGN KEY (`questionId`) REFERENCES `Questions` (`id`) ON DELETE CASCADE ON UPDATE CASCADE
) ENGINE=InnoDB AUTO_INCREMENT=317 DEFAULT CHARSET=latin1 COLLATE=latin1_swedish_ci;
/*!40101 SET character_set_client = @saved_cs_client */;

--
-- Dumping data for table `Options`
--

LOCK TABLES `Options` WRITE;
/*!40000 ALTER TABLE `Options` DISABLE KEYS */;
INSERT INTO `Options` VALUES (1,1,'Tower bridge',0,'2023-11-10 12:01:57','2023-11-10 12:01:57'),(2,1,'Big Bank',0,'2023-11-10 12:01:57','2023-11-10 12:01:57'),(3,1,'Big Bang',0,'2023-11-10 12:01:57','2023-11-10 12:01:57'),(4,1,'Big Ben',1,'2023-11-10 12:01:57','2023-11-10 12:01:57'),(5,2,'The King of the UK',0,'2023-11-10 12:01:57','2023-11-10 12:01:57'),(6,2,'Priests',0,'2023-11-10 12:01:57','2023-11-10 12:01:57'),(7,2,'Representatives',1,'2023-11-10 12:01:57','2023-11-10 12:01:57'),(8,2,'British scientists',0,'2023-11-10 12:01:57','2023-11-10 12:01:57'),(9,3,'Sydney, Austria',0,'2023-11-10 12:01:57','2023-11-10 12:01:57'),(10,3,'Dubai, United Arab Emirates',0,'2023-11-10 12:01:57','2023-11-10 12:01:57'),(11,3,'Sydney, Australia',1,'2023-11-10 12:01:57','2023-11-10 12:01:57'),(12,3,'Cape Town, South Africa',0,'2023-11-10 12:01:57','2023-11-10 12:01:57'),(13,4,'Tournaments',0,'2023-11-10 12:01:58','2023-11-10 12:01:58'),(14,4,'Operas',1,'2023-11-10 12:01:58','2023-11-10 12:01:58'),(15,4,'Film screenings',0,'2023-11-10 12:01:58','2023-11-10 12:01:58'),(16,4,'Olympic games',0,'2023-11-10 12:01:58','2023-11-10 12:01:58'),(17,5,'British Museum',1,'2023-11-10 12:01:58','2023-11-10 12:01:58'),(18,5,'Acropolis of Athens',0,'2023-11-10 12:01:58','2023-11-10 12:01:58'),(19,5,'Louvre',0,'2023-11-10 12:01:58','2023-11-10 12:01:58'),(20,5,'National Museum of Italy',0,'2023-11-10 12:01:58','2023-11-10 12:01:58'),(21,6,'the Declaration of Independence',0,'2023-11-10 12:01:58','2023-11-10 12:01:58'),(22,6,'the Rosetta Stone',1,'2023-11-10 12:01:58','2023-11-10 12:01:58'),(23,6,'statue of Abraham Lincoln',0,'2023-11-10 12:01:58','2023-11-10 12:01:58'),(24,6,'statue of Pallas Athena',0,'2023-11-10 12:01:58','2023-11-10 12:01:58'),(25,7,'Golden Gate bridge',1,'2023-11-10 12:01:58','2023-11-10 12:01:58'),(26,7,'Golden Kate bridge',0,'2023-11-10 12:01:58','2023-11-10 12:01:58'),(27,7,'Elizabeth bridge',0,'2023-11-10 12:01:58','2023-11-10 12:01:58'),(28,7,'Verrazano-Narrows bridge',0,'2023-11-10 12:01:58','2023-11-10 12:01:58'),(29,8,'New York',0,'2023-11-10 12:01:58','2023-11-10 12:01:58'),(30,8,'Arkham city',0,'2023-11-10 12:01:58','2023-11-10 12:01:58'),(31,8,'San Francisco',1,'2023-11-10 12:01:58','2023-11-10 12:01:58'),(32,8,'New Orleans',0,'2023-11-10 12:01:58','2023-11-10 12:01:58'),(33,9,'River Thames',1,'2023-11-10 12:01:58','2023-11-10 12:01:58'),(34,9,'Mississippi',0,'2023-11-10 12:01:58','2023-11-10 12:01:58'),(35,9,'Rajna',0,'2023-11-10 12:01:58','2023-11-10 12:01:58'),(36,9,'Danube',0,'2023-11-10 12:01:58','2023-11-10 12:01:58'),(37,10,'Eye of Sauron',0,'2023-11-10 12:01:58','2023-11-10 12:01:58'),(38,10,'Francis Wheel',0,'2023-11-10 12:01:58','2023-11-10 12:01:58'),(39,10,'London Eye',1,'2023-11-10 12:01:58','2023-11-10 12:01:58'),(40,10,'Wheel of Philadelphia',0,'2023-11-10 12:01:58','2023-11-10 12:01:58'),(41,11,'Middle park',0,'2023-11-10 12:01:58','2023-11-10 12:01:58'),(42,11,'Saint Real park',0,'2023-11-10 12:01:58','2023-11-10 12:01:58'),(43,11,'Central park',1,'2023-11-10 12:01:58','2023-11-10 12:01:58'),(44,11,'City park',0,'2023-11-10 12:01:58','2023-11-10 12:01:58'),(45,12,'Brooklyn',0,'2023-11-10 12:01:58','2023-11-10 12:01:58'),(46,12,'Manhattan',1,'2023-11-10 12:01:58','2023-11-10 12:01:58'),(47,12,'Staten Island',0,'2023-11-10 12:01:58','2023-11-10 12:01:58'),(48,12,'Bronx',0,'2023-11-10 12:01:58','2023-11-10 12:01:58'),(49,13,'Glasgow',0,'2023-11-10 12:01:58','2023-11-10 12:01:58'),(50,13,'Garland',0,'2023-11-10 12:01:58','2023-11-10 12:01:58'),(51,13,'Greenland',0,'2023-11-10 12:01:58','2023-11-10 12:01:58'),(52,13,'Greenwich',1,'2023-11-10 12:01:58','2023-11-10 12:01:58'),(53,14,'Cinderella',1,'2023-11-10 12:01:58','2023-11-10 12:01:58'),(54,14,'Cleo',0,'2023-11-10 12:01:58','2023-11-10 12:01:58'),(55,14,'Claire',0,'2023-11-10 12:01:58','2023-11-10 12:01:58'),(56,14,'Coral',0,'2023-11-10 12:01:58','2023-11-10 12:01:58'),(57,15,'Disneyland',1,'2023-11-10 12:01:58','2023-11-10 12:01:58'),(58,15,'Aladdin park',0,'2023-11-10 12:01:58','2023-11-10 12:01:58'),(59,15,'Taj Mahal',0,'2023-11-10 12:01:58','2023-11-10 12:01:58'),(60,15,'DisneyPixar World',0,'2023-11-10 12:01:58','2023-11-10 12:01:58'),(61,16,'President of the NATO',0,'2023-11-10 12:01:58','2023-11-10 12:01:58'),(62,16,'President of the United Nations',0,'2023-11-10 12:01:58','2023-11-10 12:01:58'),(63,16,'President of the USA',1,'2023-11-10 12:01:58','2023-11-10 12:01:58'),(64,16,'Vladimir Putin',0,'2023-11-10 12:01:58','2023-11-10 12:01:58'),(65,17,'No, I can\'t.',0,'2023-11-10 12:01:58','2023-11-10 12:01:58'),(66,17,'Washington, DC',1,'2023-11-10 12:01:58','2023-11-10 12:01:58'),(67,17,'Moscow',0,'2023-11-10 12:01:58','2023-11-10 12:01:58'),(68,17,'San Diego',0,'2023-11-10 12:01:58','2023-11-10 12:01:58'),(69,18,'Stonehenge',1,'2023-11-10 12:01:58','2023-11-10 12:01:58'),(70,18,'Stonehange',0,'2023-11-10 12:01:58','2023-11-10 12:01:58'),(71,18,'Rockhange',0,'2023-11-10 12:01:58','2023-11-10 12:01:58'),(72,18,'Stonesquare',0,'2023-11-10 12:01:58','2023-11-10 12:01:58'),(73,19,'Finland',0,'2023-11-10 12:01:58','2023-11-10 12:01:58'),(74,19,'England',1,'2023-11-10 12:01:58','2023-11-10 12:01:58'),(75,19,'Scotland',0,'2023-11-10 12:01:58','2023-11-10 12:01:58'),(76,19,'Wales',0,'2023-11-10 12:01:58','2023-11-10 12:01:58'),(77,20,'Sydney',1,'2023-11-10 12:01:58','2023-11-10 12:01:58'),(78,20,'London',0,'2023-11-10 12:01:58','2023-11-10 12:01:58'),(79,20,'Orlando',0,'2023-11-10 12:01:58','2023-11-10 12:01:58'),(80,20,'Cape Town',0,'2023-11-10 12:01:58','2023-11-10 12:01:58'),(81,21,'Buckingham Palace',1,'2023-11-10 12:01:58','2023-11-10 12:01:58'),(82,21,'Rijksmuseum',0,'2023-11-10 12:01:58','2023-11-10 12:01:58'),(83,21,'Deutsches Historisches Museum',0,'2023-11-10 12:01:58','2023-11-10 12:01:58'),(84,21,'National Maritime Museum',0,'2023-11-10 12:01:58','2023-11-10 12:01:58'),(85,22,'Nobody. It\'s a museum.',0,'2023-11-10 12:01:58','2023-11-10 12:01:58'),(86,22,'British Royal Family',1,'2023-11-10 12:01:58','2023-11-10 12:01:58'),(87,22,'US Ambassador',0,'2023-11-10 12:01:58','2023-11-10 12:01:58'),(88,22,'III. Elisabeth',0,'2023-11-10 12:01:58','2023-11-10 12:01:58'),(89,23,'New York Times Building',0,'2023-11-10 12:01:58','2023-11-10 12:01:58'),(90,23,'World Trade Center',0,'2023-11-10 12:01:58','2023-11-10 12:01:58'),(91,23,'Chrysler Building',0,'2023-11-10 12:01:58','2023-11-10 12:01:58'),(92,23,'Empire State Building',1,'2023-11-10 12:01:58','2023-11-10 12:01:58'),(93,24,'skyscraper',1,'2023-11-10 12:01:58','2023-11-10 12:01:58'),(94,24,'cloudcutter',0,'2023-11-10 12:01:58','2023-11-10 12:01:58'),(95,24,'airscraper',0,'2023-11-10 12:01:58','2023-11-10 12:01:58'),(96,24,'sky-high house',0,'2023-11-10 12:01:58','2023-11-10 12:01:58'),(97,25,'Statue of Liberty',1,'2023-11-10 12:01:58','2023-11-10 12:01:58'),(98,25,'Statue of Peace',0,'2023-11-10 12:01:58','2023-11-10 12:01:58'),(99,25,'Statue of the United Nations',0,'2023-11-10 12:01:58','2023-11-10 12:01:58'),(100,25,'Statue of Freedom',0,'2023-11-10 12:01:58','2023-11-10 12:01:58'),(101,26,'France',1,'2023-11-10 12:01:58','2023-11-10 12:01:58'),(102,26,'Greece',0,'2023-11-10 12:01:58','2023-11-10 12:01:58'),(103,26,'Engaland',0,'2023-11-10 12:01:58','2023-11-10 12:01:58'),(104,26,'Germany',0,'2023-11-10 12:01:58','2023-11-10 12:01:58'),(105,27,'Alcatraz, San Francisco',1,'2023-11-10 12:01:58','2023-11-10 12:01:58'),(106,27,'State Jail, Mexico',0,'2023-11-10 12:01:58','2023-11-10 12:01:58'),(107,27,'Azkaban, Switcherland',0,'2023-11-10 12:01:58','2023-11-10 12:01:58'),(108,27,'Prison Island, Edinburgh',0,'2023-11-10 12:01:58','2023-11-10 12:01:58'),(109,28,'Australia',1,'2023-11-10 12:01:58','2023-11-10 12:01:58'),(110,28,'North Africa',0,'2023-11-10 12:01:58','2023-11-10 12:01:58'),(111,28,'South Africa',0,'2023-11-10 12:01:58','2023-11-10 12:01:58'),(112,28,'Brazil',0,'2023-11-10 12:01:58','2023-11-10 12:01:58'),(113,29,'Uluru',1,'2023-11-10 12:01:58','2023-11-10 12:01:58'),(114,29,'Mount Everest',0,'2023-11-10 12:01:58','2023-11-10 12:01:58'),(115,29,'The Red Cliff',0,'2023-11-10 12:01:58','2023-11-10 12:01:58'),(116,29,'Makalulu',0,'2023-11-10 12:01:58','2023-11-10 12:01:58'),(117,30,'Victoria Falls',0,'2023-11-10 12:01:58','2023-11-10 12:01:58'),(118,30,'Niagara Falls',1,'2023-11-10 12:01:58','2023-11-10 12:01:58'),(119,30,'Selfoss (waterfall)',0,'2023-11-10 12:01:58','2023-11-10 12:01:58'),(120,30,'Angel Falls',0,'2023-11-10 12:01:58','2023-11-10 12:01:58'),(121,31,'Grand Canyon',1,'2023-11-10 12:01:58','2023-11-10 12:01:58'),(122,31,'Great Canyon',0,'2023-11-10 12:01:58','2023-11-10 12:01:58'),(123,31,'Big Canyon',0,'2023-11-10 12:01:58','2023-11-10 12:01:58'),(124,31,'Grant Canyon',0,'2023-11-10 12:01:58','2023-11-10 12:01:58'),(125,32,'Colorado River',1,'2023-11-10 12:01:58','2023-11-10 12:01:58'),(126,32,'River Thames',0,'2023-11-10 12:01:58','2023-11-10 12:01:58'),(127,32,'Jackson River',0,'2023-11-10 12:01:58','2023-11-10 12:01:58'),(128,32,'Amazon River',0,'2023-11-10 12:01:58','2023-11-10 12:01:58'),(129,33,'Las Vegas',1,'2023-11-10 12:01:58','2023-11-10 12:01:58'),(130,33,'Loss Vegas',0,'2023-11-10 12:01:58','2023-11-10 12:01:58'),(131,33,'Last Vegas',0,'2023-11-10 12:01:58','2023-11-10 12:01:58'),(132,33,'Lost Vegas',0,'2023-11-10 12:01:58','2023-11-10 12:01:58'),(133,34,'Casinos',1,'2023-11-10 12:01:58','2023-11-10 12:01:58'),(134,34,'Schools',0,'2023-11-10 12:01:58','2023-11-10 12:01:58'),(135,34,'Airports',0,'2023-11-10 12:01:58','2023-11-10 12:01:58'),(136,34,'Heavy metal',0,'2023-11-10 12:01:58','2023-11-10 12:01:58'),(137,35,'Prince Charles',1,'2023-11-10 12:01:58','2023-11-10 12:01:58'),(138,35,'Bruce Lee',0,'2023-11-10 12:01:58','2023-11-10 12:01:58'),(139,35,'Princess Diana',0,'2023-11-10 12:01:58','2023-11-10 12:01:58'),(140,35,'David Rockefeller',0,'2023-11-10 12:01:58','2023-11-10 12:01:58'),(141,36,'Queen Elizabeth IV.',0,'2023-11-10 12:01:58','2023-11-10 12:01:58'),(142,36,'Queen Elizabeth II.',1,'2023-11-10 12:01:58','2023-11-10 12:01:58'),(143,36,'Queen Elizabeth III.',0,'2023-11-10 12:01:58','2023-11-10 12:01:58'),(144,36,'Queen Elizabeth I.',0,'2023-11-10 12:01:58','2023-11-10 12:01:58'),(145,37,'George Washington',1,'2023-11-10 12:01:58','2023-11-10 12:01:58'),(146,37,'Martin Luther King',0,'2023-11-10 12:01:58','2023-11-10 12:01:58'),(147,37,'Abraham Lincoln',0,'2023-11-10 12:01:58','2023-11-10 12:01:58'),(148,37,'Theodore Roosevelt',0,'2023-11-10 12:01:58','2023-11-10 12:01:58'),(149,38,'Bush',1,'2023-11-10 12:01:58','2023-11-10 12:01:58'),(150,38,'Ford',0,'2023-11-10 12:01:58','2023-11-10 12:01:58'),(151,38,'George',0,'2023-11-10 12:01:58','2023-11-10 12:01:58'),(152,38,'Kennedy',0,'2023-11-10 12:01:58','2023-11-10 12:01:58'),(153,39,'David Rockefeller',0,'2023-11-10 12:01:58','2023-11-10 12:01:58'),(154,39,'Winston Churchill',1,'2023-11-10 12:01:58','2023-11-10 12:01:58'),(155,39,'Harry S. Truman',0,'2023-11-10 12:01:58','2023-11-10 12:01:58'),(156,39,'Nikola Tesla',0,'2023-11-10 12:01:58','2023-11-10 12:01:58'),(157,40,'William and Harry',1,'2023-11-10 12:01:58','2023-11-10 12:01:58'),(158,40,'Harry and George',0,'2023-11-10 12:01:58','2023-11-10 12:01:58'),(159,40,'George and James',0,'2023-11-10 12:01:58','2023-11-10 12:01:58'),(160,40,'Christopher and George',0,'2023-11-10 12:01:58','2023-11-10 12:01:58'),(161,41,'Dwight D. Eisenhower',0,'2023-11-10 12:01:58','2023-11-10 12:01:58'),(162,41,'Ronald Reagan',0,'2023-11-10 12:01:58','2023-11-10 12:01:58'),(163,41,'Richard Nixon',0,'2023-11-10 12:01:58','2023-11-10 12:01:58'),(164,41,'John F. Kennedy',1,'2023-11-10 12:01:58','2023-11-10 12:01:58'),(165,42,'Music producer',0,'2023-11-10 12:01:58','2023-11-10 12:01:58'),(166,42,'Reporter',0,'2023-11-10 12:01:58','2023-11-10 12:01:58'),(167,42,'President',1,'2023-11-10 12:01:58','2023-11-10 12:01:58'),(168,42,'Journalist',0,'2023-11-10 12:01:58','2023-11-10 12:01:58'),(169,43,'Abraham Lincoln',1,'2023-11-10 12:01:58','2023-11-10 12:01:58'),(170,43,'John F. Kennedy',0,'2023-11-10 12:01:58','2023-11-10 12:01:58'),(171,43,'George Orwell',0,'2023-11-10 12:01:58','2023-11-10 12:01:58'),(172,43,'Christopher Nolan',0,'2023-11-10 12:01:58','2023-11-10 12:01:58'),(173,44,'Jimmy Carter',0,'2023-11-10 12:01:58','2023-11-10 12:01:58'),(174,44,'Ronald Reagan',1,'2023-11-10 12:01:58','2023-11-10 12:01:58'),(175,44,'Arnold Schwarzenegger',0,'2023-11-10 12:01:58','2023-11-10 12:01:58'),(176,44,'Robert Patrick',0,'2023-11-10 12:01:58','2023-11-10 12:01:58'),(177,45,'King Henry the 8th',1,'2023-11-10 12:01:58','2023-11-10 12:01:58'),(178,45,'King Geralt',0,'2023-11-10 12:01:58','2023-11-10 12:01:58'),(179,45,'King Arthur',0,'2023-11-10 12:01:58','2023-11-10 12:01:58'),(180,45,'Alexander the Great',0,'2023-11-10 12:01:58','2023-11-10 12:01:58'),(181,46,'nine',0,'2023-11-10 12:01:58','2023-11-10 12:01:58'),(182,46,'six',1,'2023-11-10 12:01:58','2023-11-10 12:01:58'),(183,46,'eleven',0,'2023-11-10 12:01:58','2023-11-10 12:01:58'),(184,46,'five',0,'2023-11-10 12:01:58','2023-11-10 12:01:58'),(185,47,'Thathcer',0,'2023-11-10 12:01:58','2023-11-10 12:01:58'),(186,47,'Theresa',0,'2023-11-10 12:01:58','2023-11-10 12:01:58'),(187,47,'Margaret',1,'2023-11-10 12:01:58','2023-11-10 12:01:58'),(188,47,'Elisabeth',0,'2023-11-10 12:01:58','2023-11-10 12:01:58'),(189,48,'Rowan Atkinson',1,'2023-11-10 12:01:58','2023-11-10 12:01:58'),(190,48,'Mr. Bean',0,'2023-11-10 12:01:58','2023-11-10 12:01:58'),(191,48,'Jonathan Bean',0,'2023-11-10 12:01:58','2023-11-10 12:01:58'),(192,48,'Richard Curtis',0,'2023-11-10 12:01:58','2023-11-10 12:01:58'),(193,49,'Nicole Kidman',1,'2023-11-10 12:01:58','2023-11-10 12:01:58'),(194,49,'Marita Covarrubias',0,'2023-11-10 12:01:58','2023-11-10 12:01:58'),(195,49,'Katie Holmes',0,'2023-11-10 12:01:58','2023-11-10 12:01:58'),(196,49,'Natalie Portman',0,'2023-11-10 12:01:58','2023-11-10 12:01:58'),(197,50,'Daniel Craig',1,'2023-11-10 12:01:58','2023-11-10 12:01:58'),(198,50,'Roger Moore',0,'2023-11-10 12:01:58','2023-11-10 12:01:58'),(199,50,'George Lazenby',0,'2023-11-10 12:01:58','2023-11-10 12:01:58'),(200,50,'Timothy Dalton',0,'2023-11-10 12:01:58','2023-11-10 12:01:58'),(201,51,'Jack Nicholson',0,'2023-11-10 12:01:58','2023-11-10 12:01:58'),(202,51,'Anthony Hopkins',1,'2023-11-10 12:01:58','2023-11-10 12:01:58'),(203,51,'Stanley Kubrick',0,'2023-11-10 12:01:58','2023-11-10 12:01:58'),(204,51,'Scatman Crothers',0,'2023-11-10 12:01:58','2023-11-10 12:01:58'),(205,52,'Warner Bros',0,'2023-11-10 12:01:58','2023-11-10 12:01:58'),(206,52,'Ancient Crew',0,'2023-11-10 12:01:58','2023-11-10 12:01:58'),(207,52,'Monty Python',1,'2023-11-10 12:01:58','2023-11-10 12:01:58'),(208,52,'The round table',0,'2023-11-10 12:01:58','2023-11-10 12:01:58'),(209,53,'Spice Girls',1,'2023-11-10 12:01:58','2023-11-10 12:01:58'),(210,53,'Angels of Charlie',0,'2023-11-10 12:01:58','2023-11-10 12:01:58'),(211,53,'ABBA',0,'2023-11-10 12:01:58','2023-11-10 12:01:58'),(212,53,'Hot Girls',0,'2023-11-10 12:01:58','2023-11-10 12:01:58'),(213,54,'England',1,'2023-11-10 12:01:58','2023-11-10 12:01:58'),(214,54,'Canada',0,'2023-11-10 12:01:58','2023-11-10 12:01:58'),(215,54,'USA',0,'2023-11-10 12:01:58','2023-11-10 12:01:58'),(216,54,'Norway',0,'2023-11-10 12:01:58','2023-11-10 12:01:58'),(217,55,'Mel Gibson',1,'2023-11-10 12:01:58','2023-11-10 12:01:58'),(218,55,'Bruce Willis',0,'2023-11-10 12:01:58','2023-11-10 12:01:58'),(219,55,'Sylvester Stallone',0,'2023-11-10 12:01:58','2023-11-10 12:01:58'),(220,55,'Bruce Lee',0,'2023-11-10 12:01:58','2023-11-10 12:01:58'),(221,56,'Maggie Smith',1,'2023-11-10 12:01:58','2023-11-10 12:01:58'),(222,56,'Michelle Dockery',0,'2023-11-10 12:01:58','2023-11-10 12:01:58'),(223,56,'Mila Kunis',0,'2023-11-10 12:01:58','2023-11-10 12:01:58'),(224,56,'Gillian Anderson',0,'2023-11-10 12:01:58','2023-11-10 12:01:58'),(225,57,'Christian Bale',0,'2023-11-10 12:01:58','2023-11-10 12:01:58'),(226,57,'Joseph Gordon-Levitt',0,'2023-11-10 12:01:58','2023-11-10 12:01:58'),(227,57,'Tom Hardy',1,'2023-11-10 12:01:58','2023-11-10 12:01:58'),(228,57,'Leonardo DiCaprio',0,'2023-11-10 12:01:58','2023-11-10 12:01:58'),(229,58,'John Lennon',1,'2023-11-10 12:01:58','2023-11-10 12:01:58'),(230,58,'Ringo Starr',0,'2023-11-10 12:01:58','2023-11-10 12:01:58'),(231,58,'Elton John',0,'2023-11-10 12:01:58','2023-11-10 12:01:58'),(232,58,'Paul McCartney',0,'2023-11-10 12:01:58','2023-11-10 12:01:58'),(233,59,'Pierce Brosnan',1,'2023-11-10 12:01:58','2023-11-10 12:01:58'),(234,59,'Roger Moore',0,'2023-11-10 12:01:58','2023-11-10 12:01:58'),(235,59,'Daniel Craig',0,'2023-11-10 12:01:58','2023-11-10 12:01:58'),(236,59,'George Lazenby',0,'2023-11-10 12:01:58','2023-11-10 12:01:58'),(237,60,'Samuel L. Jackson',0,'2023-11-10 12:01:58','2023-11-10 12:01:58'),(238,60,'Clint Eastwood',0,'2023-11-10 12:01:58','2023-11-10 12:01:58'),(239,60,'Morgan Freeman',1,'2023-11-10 12:01:58','2023-11-10 12:01:58'),(240,60,'Will Smith',0,'2023-11-10 12:01:58','2023-11-10 12:01:58'),(241,61,'William Shakespeare',1,'2023-11-10 12:01:58','2023-11-10 12:01:58'),(242,61,'Charles Dickens',0,'2023-11-10 12:01:58','2023-11-10 12:01:58'),(243,61,'Stephen King',0,'2023-11-10 12:01:58','2023-11-10 12:01:58'),(244,61,'Wilkie Collins',0,'2023-11-10 12:01:58','2023-11-10 12:01:58'),(245,62,'Alfred Hitchcock',1,'2023-11-10 12:01:58','2023-11-10 12:01:58'),(246,62,'Stanley Kubrick',0,'2023-11-10 12:01:58','2023-11-10 12:01:58'),(247,62,'Steven Spielberg',0,'2023-11-10 12:01:58','2023-11-10 12:01:58'),(248,62,'Ernest Hemingway',0,'2023-11-10 12:01:58','2023-11-10 12:01:58'),(249,63,'Mark Twain',1,'2023-11-10 12:01:58','2023-11-10 12:01:58'),(250,63,'Ernest Hemingway',0,'2023-11-10 12:01:58','2023-11-10 12:01:58'),(251,63,'Oscar Wilde',0,'2023-11-10 12:01:58','2023-11-10 12:01:58'),(252,63,'Edgar Allan Poe',0,'2023-11-10 12:01:58','2023-11-10 12:01:58'),(253,64,'E.T.',1,'2023-11-10 12:01:58','2023-11-10 12:01:58'),(254,64,'I.T.',0,'2023-11-10 12:01:58','2023-11-10 12:01:58'),(255,64,'Alf',0,'2023-11-10 12:01:58','2023-11-10 12:01:58'),(256,64,'Darth Vader',0,'2023-11-10 12:01:58','2023-11-10 12:01:58'),(257,65,'Agatha Christie',1,'2023-11-10 12:01:58','2023-11-10 12:01:58'),(258,65,'Joan Hickson',0,'2023-11-10 12:01:58','2023-11-10 12:01:58'),(259,65,'J.K. Rowling',0,'2023-11-10 12:01:58','2023-11-10 12:01:58'),(260,65,'Julia McKenzie',0,'2023-11-10 12:01:58','2023-11-10 12:01:58'),(261,66,'Lucas',0,'2023-11-10 12:01:58','2023-11-10 12:01:58'),(262,66,'Orwell',1,'2023-11-10 12:01:58','2023-11-10 12:01:58'),(263,66,'Washington',0,'2023-11-10 12:01:58','2023-11-10 12:01:58'),(264,66,'Conan Doyle',0,'2023-11-10 12:01:58','2023-11-10 12:01:58'),(265,67,'Michael Bay',0,'2023-11-10 12:01:58','2023-11-10 12:01:58'),(266,67,'James Cameron',0,'2023-11-10 12:01:58','2023-11-10 12:01:58'),(267,67,'George Lucas',0,'2023-11-10 12:01:58','2023-11-10 12:01:58'),(268,67,'Steven Spielberg',1,'2023-11-10 12:01:58','2023-11-10 12:01:58'),(269,68,'Rugby',1,'2023-11-10 12:01:58','2023-11-10 12:01:58'),(270,68,'Football',0,'2023-11-10 12:01:58','2023-11-10 12:01:58'),(271,68,'Cricket',0,'2023-11-10 12:01:58','2023-11-10 12:01:58'),(272,68,'Water polo',0,'2023-11-10 12:01:58','2023-11-10 12:01:58'),(273,69,'Scottie Pippen',0,'2023-11-10 12:01:58','2023-11-10 12:01:58'),(274,69,'Michael Jordan',1,'2023-11-10 12:01:58','2023-11-10 12:01:58'),(275,69,'Shaquille O`Neal',0,'2023-11-10 12:01:58','2023-11-10 12:01:58'),(276,69,'Magic Johnson',0,'2023-11-10 12:01:58','2023-11-10 12:01:58'),(277,70,'Baseball',1,'2023-11-10 12:01:58','2023-11-10 12:01:58'),(278,70,'Basketball',0,'2023-11-10 12:01:58','2023-11-10 12:01:58'),(279,70,'Squash',0,'2023-11-10 12:01:58','2023-11-10 12:01:58'),(280,70,'Tennis',0,'2023-11-10 12:01:58','2023-11-10 12:01:58'),(281,71,'Cristiano Ronaldo',0,'2023-11-10 12:01:58','2023-11-10 12:01:58'),(282,71,'Lionel Messi',0,'2023-11-10 12:01:58','2023-11-10 12:01:58'),(283,71,'Josep Guardiola',0,'2023-11-10 12:01:58','2023-11-10 12:01:58'),(284,71,'David Beckham',1,'2023-11-10 12:01:58','2023-11-10 12:01:58'),(285,72,'Skiing',0,'2023-11-10 12:01:58','2023-11-10 12:01:58'),(286,72,'Curling',1,'2023-11-10 12:01:58','2023-11-10 12:01:58'),(287,72,'Tossing the caber',0,'2023-11-10 12:01:58','2023-11-10 12:01:58'),(288,72,'Ice hockey',0,'2023-11-10 12:01:58','2023-11-10 12:01:58'),(289,73,'Cricket',1,'2023-11-10 12:01:58','2023-11-10 12:01:58'),(290,73,'Baseball',0,'2023-11-10 12:01:58','2023-11-10 12:01:58'),(291,73,'American football',0,'2023-11-10 12:01:58','2023-11-10 12:01:58'),(292,73,'Tennis',0,'2023-11-10 12:01:58','2023-11-10 12:01:58'),(293,74,'UK',0,'2023-11-10 12:01:58','2023-11-10 12:01:58'),(294,74,'USA',1,'2023-11-10 12:01:58','2023-11-10 12:01:58'),(295,74,'Germany',0,'2023-11-10 12:01:58','2023-11-10 12:01:58'),(296,74,'France',0,'2023-11-10 12:01:58','2023-11-10 12:01:58'),(297,75,'Bill Gates',0,'2023-11-10 12:01:58','2023-11-10 12:01:58'),(298,75,'Tim Cook',0,'2023-11-10 12:01:58','2023-11-10 12:01:58'),(299,75,'Larry Page',0,'2023-11-10 12:01:58','2023-11-10 12:01:58'),(300,75,'Steve Jobs',1,'2023-11-10 12:01:58','2023-11-10 12:01:58'),(301,76,'the Wright brothers',1,'2023-11-10 12:01:58','2023-11-10 12:01:58'),(302,76,'the Warner brothers',0,'2023-11-10 12:01:58','2023-11-10 12:01:58'),(303,76,'the Stanleye brothers ',0,'2023-11-10 12:01:58','2023-11-10 12:01:58'),(304,76,'the White brothers',0,'2023-11-10 12:01:58','2023-11-10 12:01:58'),(305,77,'Jurij Gagarin',0,'2023-11-10 12:01:58','2023-11-10 12:01:58'),(306,77,'Neil Armstrong',1,'2023-11-10 12:01:58','2023-11-10 12:01:58'),(307,77,'David Scott',0,'2023-11-10 12:01:58','2023-11-10 12:01:58'),(308,77,'Charles Conrad',0,'2023-11-10 12:01:58','2023-11-10 12:01:58'),(309,78,'Apple',0,'2023-11-10 12:01:58','2023-11-10 12:01:58'),(310,78,'Microsoft',1,'2023-11-10 12:01:58','2023-11-10 12:01:58'),(311,78,'Office',0,'2023-11-10 12:01:58','2023-11-10 12:01:58'),(312,78,'IBM',0,'2023-11-10 12:01:58','2023-11-10 12:01:58'),(313,79,'Stephen Hawking',1,'2023-11-10 12:01:58','2023-11-10 12:01:58'),(314,79,'Michio Kaku',0,'2023-11-10 12:01:58','2023-11-10 12:01:58'),(315,79,'Charles Darwin',0,'2023-11-10 12:01:58','2023-11-10 12:01:58'),(316,79,'Richard Dawkins',0,'2023-11-10 12:01:58','2023-11-10 12:01:58');
/*!40000 ALTER TABLE `Options` ENABLE KEYS */;
UNLOCK TABLES;

--
-- Table structure for table `Questions`
--

DROP TABLE IF EXISTS `Questions`;
/*!40101 SET @saved_cs_client     = @@character_set_client */;
/*!40101 SET character_set_client = utf8 */;
CREATE TABLE `Questions` (
  `id` int(11) NOT NULL AUTO_INCREMENT,
  `quizId` int(11) NOT NULL,
  `text` varchar(255) NOT NULL,
  `mediaId` int(11) DEFAULT NULL,
  `allowMultipleAnswers` tinyint(1) NOT NULL,
  `createdAt` datetime NOT NULL,
  `updatedAt` datetime NOT NULL,
  PRIMARY KEY (`id`),
  KEY `quizId` (`quizId`),
  KEY `mediaId` (`mediaId`),
  CONSTRAINT `Questions_ibfk_1` FOREIGN KEY (`quizId`) REFERENCES `Quizzes` (`id`) ON DELETE CASCADE ON UPDATE CASCADE,
  CONSTRAINT `Questions_ibfk_2` FOREIGN KEY (`mediaId`) REFERENCES `Media` (`id`) ON DELETE SET NULL ON UPDATE CASCADE
) ENGINE=InnoDB AUTO_INCREMENT=80 DEFAULT CHARSET=latin1 COLLATE=latin1_swedish_ci;
/*!40101 SET character_set_client = @saved_cs_client */;

--
-- Dumping data for table `Questions`
--

LOCK TABLES `Questions` WRITE;
/*!40000 ALTER TABLE `Questions` DISABLE KEYS */;
INSERT INTO `Questions` VALUES (1,1,'What is the name of this famous tower with the clock?',1,0,'2023-11-10 12:01:57','2023-11-10 12:01:57'),(2,2,'Whose workplace is this huge building?',2,0,'2023-11-10 12:01:57','2023-11-10 12:01:57'),(3,1,'Where is the building?',3,0,'2023-11-10 12:01:57','2023-11-10 12:01:57'),(4,1,'What do they arrange in this building?',4,0,'2023-11-10 12:01:58','2023-11-10 12:01:58'),(5,2,'What is this museum called?',5,0,'2023-11-10 12:01:58','2023-11-10 12:01:58'),(6,2,'What can you see inside?',6,0,'2023-11-10 12:01:58','2023-11-10 12:01:58'),(7,1,'What is the name of the bridge?',7,0,'2023-11-10 12:01:58','2023-11-10 12:01:58'),(8,1,'Where is this bridge?',8,0,'2023-11-10 12:01:58','2023-11-10 12:01:58'),(9,1,'What is the name of the river in the foreground?',9,0,'2023-11-10 12:01:58','2023-11-10 12:01:58'),(10,1,'What is the name of this ferris-wheel?',10,0,'2023-11-10 12:01:58','2023-11-10 12:01:58'),(11,1,'What is this park called?',11,0,'2023-11-10 12:01:58','2023-11-10 12:01:58'),(12,2,'Which part of New York is it in?',12,0,'2023-11-10 12:01:58','2023-11-10 12:01:58'),(13,1,'What is the \'G\' city called that conventionally has thelongitude 0 degrees?',13,0,'2023-11-10 12:01:58','2023-11-10 12:01:58'),(14,1,'Can you name the fairy tale character with a \'C\' whose castle is in the picture?',14,0,'2023-11-10 12:01:58','2023-11-10 12:01:58'),(15,1,'What is the name of the theme park?',15,0,'2023-11-10 12:01:58','2023-11-10 12:01:58'),(16,1,'Whose residence is this building?',16,0,'2023-11-10 12:01:58','2023-11-10 12:01:58'),(17,1,'Can you name the city where it is located?',17,0,'2023-11-10 12:01:58','2023-11-10 12:01:58'),(18,1,'What is the name of this structure?',18,0,'2023-11-10 12:01:58','2023-11-10 12:01:58'),(19,1,'In which county is it in?',19,0,'2023-11-10 12:01:58','2023-11-10 12:01:58'),(20,1,'Can you name the city where this bridge can be found?',20,0,'2023-11-10 12:01:58','2023-11-10 12:01:58'),(21,1,'What is the palace called?',21,0,'2023-11-10 12:01:58','2023-11-10 12:01:58'),(22,1,'Who lives there?',22,0,'2023-11-10 12:01:58','2023-11-10 12:01:58'),(23,1,'What is the building called?',23,0,'2023-11-10 12:01:58','2023-11-10 12:01:58'),(24,1,'What do we call very-very tall buildings?',24,0,'2023-11-10 12:01:58','2023-11-10 12:01:58'),(25,1,'What is this statue called?',25,0,'2023-11-10 12:01:58','2023-11-10 12:01:58'),(26,2,'Which country gave it as a present to the US?',26,0,'2023-11-10 12:01:58','2023-11-10 12:01:58'),(27,1,'This is the prison where Al Capone was jailed. What is the name of the island and which country is it in?',27,0,'2023-11-10 12:01:58','2023-11-10 12:01:58'),(28,1,'Where can you see this rock?',28,0,'2023-11-10 12:01:58','2023-11-10 12:01:58'),(29,1,'What is it called?',29,0,'2023-11-10 12:01:58','2023-11-10 12:01:58'),(30,2,'What is it called?',30,0,'2023-11-10 12:01:58','2023-11-10 12:01:58'),(31,1,'A famous canyon in the US. What is it called?',31,0,'2023-11-10 12:01:58','2023-11-10 12:01:58'),(32,1,'What is the name of the river at the bottom?',32,0,'2023-11-10 12:01:58','2023-11-10 12:01:58'),(33,1,'A heaven for gamblers. What is the name of the city?',33,0,'2023-11-10 12:01:58','2023-11-10 12:01:58'),(34,1,'A heaven for gamblers. What is it famous for?',34,0,'2023-11-10 12:01:58','2023-11-10 12:01:58'),(35,1,'Whose mom is she?',35,0,'2023-11-10 12:01:58','2023-11-10 12:01:58'),(36,1,'What is her name?',36,0,'2023-11-10 12:01:58','2023-11-10 12:01:58'),(37,1,'Who was the first president of the USA?',37,0,'2023-11-10 12:01:58','2023-11-10 12:01:58'),(38,1,'What is his surname?',38,0,'2023-11-10 12:01:58','2023-11-10 12:01:58'),(39,2,'He lead Britain to victory in WWII. What was his name?',39,0,'2023-11-10 12:01:58','2023-11-10 12:01:58'),(40,1,'What are their names?',40,0,'2023-11-10 12:01:58','2023-11-10 12:01:58'),(41,2,'What was his surname / last name?',41,0,'2023-11-10 12:01:58','2023-11-10 12:01:58'),(42,1,'What was his job?',42,0,'2023-11-10 12:01:58','2023-11-10 12:01:58'),(43,1,'As president of the USA, he abolished slavery in his country. Who was he?',43,0,'2023-11-10 12:01:58','2023-11-10 12:01:58'),(44,2,'A former actor who became president of the US. What was his name?',44,0,'2023-11-10 12:01:58','2023-11-10 12:01:58'),(45,1,'This English king loved getting married. What was his name?',45,0,'2023-11-10 12:01:58','2023-11-10 12:01:58'),(46,2,'How many wives did he have?',46,0,'2023-11-10 12:01:58','2023-11-10 12:01:58'),(47,1,'Mrs. Thathcer, the first woman prime minister of the UK. What was her first name?',47,0,'2023-11-10 12:01:58','2023-11-10 12:01:58'),(48,1,'A great british comedian. What is his real name?',48,0,'2023-11-10 12:01:58','2023-11-10 12:01:58'),(49,2,'Who is this American-Australian actress who has been a Goodwill Ambassador for UNICEF?',49,0,'2023-11-10 12:01:58','2023-11-10 12:01:58'),(50,1,'He was the sixth actor to play the role of James Bond. Who is he?',50,0,'2023-11-10 12:01:58','2023-11-10 12:01:58'),(51,2,'What is his real name? (He is an actor)',51,0,'2023-11-10 12:01:58','2023-11-10 12:01:58'),(52,1,'What was the name of the famous British comedy group?',52,0,'2023-11-10 12:01:58','2023-11-10 12:01:58'),(53,2,'What is the name of the band?',53,0,'2023-11-10 12:01:58','2023-11-10 12:01:58'),(54,2,'Where are they from?',54,0,'2023-11-10 12:01:58','2023-11-10 12:01:58'),(55,1,'He starred in Leathal Weapon and Mad Max. Who is he?',55,0,'2023-11-10 12:01:58','2023-11-10 12:01:58'),(56,2,'She played the part of one of the Hogwarts teachers. What is her real name?',56,0,'2023-11-10 12:01:58','2023-11-10 12:01:58'),(57,2,'His last film was The Dark Night in which he played the Joker. Who was he?',57,0,'2023-11-10 12:01:58','2023-11-10 12:01:58'),(58,1,'Who is the author of the famous song \'Imagine\'?',58,0,'2023-11-10 12:01:58','2023-11-10 12:01:58'),(59,2,'Which James Bond actor starred in the 1997 movie, \'Dante\'s Peak\'?',59,0,'2023-11-10 12:01:58','2023-11-10 12:01:58'),(60,1,'He played the lead role in The Bucket List. What is his name?',60,0,'2023-11-10 12:01:58','2023-11-10 12:01:58'),(61,1,'Who was the most famous playwright (dramatist) of all time?',61,0,'2023-11-10 12:01:58','2023-11-10 12:01:58'),(62,2,'He directed Psycho, Birds, and Vertigo. He was the master of horror and suspense. Who was he?',62,0,'2023-11-10 12:01:58','2023-11-10 12:01:58'),(63,2,'Who wrote the novel \'The Adventures of Tom Sawyer\'?',63,0,'2023-11-10 12:01:58','2023-11-10 12:01:58'),(64,1,'What is the name of this alien?',64,0,'2023-11-10 12:01:58','2023-11-10 12:01:58'),(65,1,'Who was the top selling female crime novelist of all time?',65,0,'2023-11-10 12:01:58','2023-11-10 12:01:58'),(66,1,'Which George wrote the novel, \'Animal Farm\'?',66,0,'2023-11-10 12:01:58','2023-11-10 12:01:58'),(67,1,'Who directed Jurassic Park?',67,0,'2023-11-10 12:01:58','2023-11-10 12:01:58'),(68,1,'What are they playing?',68,0,'2023-11-10 12:01:58','2023-11-10 12:01:58'),(69,1,'Who was the Chicago Bulls\' most famous basketball player?',69,0,'2023-11-10 12:01:58','2023-11-10 12:01:58'),(70,1,'What are they playing?',70,0,'2023-11-10 12:01:58','2023-11-10 12:01:58'),(71,1,'Who is he?',71,0,'2023-11-10 12:01:58','2023-11-10 12:01:58'),(72,1,'What is the name of the Scottish game played on ice with stones?',72,0,'2023-11-10 12:01:58','2023-11-10 12:01:58'),(73,1,'What are they playing?',73,0,'2023-11-10 12:01:58','2023-11-10 12:01:58'),(74,1,'Which country did Albert Einstein move to as the Nazis rose to power?',74,0,'2023-11-10 12:01:58','2023-11-10 12:01:58'),(75,1,'He was one of the three founders of Apple. What was his name?',75,0,'2023-11-10 12:01:58','2023-11-10 12:01:58'),(76,1,'Who were the two brothers that pioneered the first manned powered aeroplane?',76,0,'2023-11-10 12:01:58','2023-11-10 12:01:58'),(77,1,'Who was the first astronaut to set foot on the Moon?',77,0,'2023-11-10 12:01:58','2023-11-10 12:01:58'),(78,1,'Can you name the company he founded?',78,0,'2023-11-10 12:01:58','2023-11-10 12:01:58'),(79,1,'Whose life was the film \'Theory of Everything\' about?',79,0,'2023-11-10 12:01:58','2023-11-10 12:01:58');
/*!40000 ALTER TABLE `Questions` ENABLE KEYS */;
UNLOCK TABLES;

--
-- Table structure for table `Quizzes`
--

DROP TABLE IF EXISTS `Quizzes`;
/*!40101 SET @saved_cs_client     = @@character_set_client */;
/*!40101 SET character_set_client = utf8 */;
CREATE TABLE `Quizzes` (
  `id` int(11) NOT NULL AUTO_INCREMENT,
  `title` varchar(255) NOT NULL,
  `description` varchar(255) NOT NULL,
  `createdAt` datetime NOT NULL,
  `updatedAt` datetime NOT NULL,
  PRIMARY KEY (`id`),
  UNIQUE KEY `title` (`title`)
) ENGINE=InnoDB AUTO_INCREMENT=3 DEFAULT CHARSET=latin1 COLLATE=latin1_swedish_ci;
/*!40101 SET character_set_client = @saved_cs_client */;

--
-- Dumping data for table `Quizzes`
--

LOCK TABLES `Quizzes` WRITE;
/*!40000 ALTER TABLE `Quizzes` DISABLE KEYS */;
INSERT INTO `Quizzes` VALUES (1,'Easy english quiz','This is a quiz for beginners','2023-11-10 12:01:57','2023-11-10 12:01:57'),(2,'Advanced english quiz','This is a quiz for advanced students','2023-11-10 12:01:57','2023-11-10 12:01:57');
/*!40000 ALTER TABLE `Quizzes` ENABLE KEYS */;
UNLOCK TABLES;

--
-- Table structure for table `Users`
--

DROP TABLE IF EXISTS `Users`;
/*!40101 SET @saved_cs_client     = @@character_set_client */;
/*!40101 SET character_set_client = utf8 */;
CREATE TABLE `Users` (
  `id` int(11) NOT NULL AUTO_INCREMENT,
  `username` varchar(255) NOT NULL,
  `password` varchar(255) NOT NULL,
  `needsPasswordChange` tinyint(1) NOT NULL DEFAULT 1,
  `role` enum('admin','editor') NOT NULL DEFAULT 'editor',
  `createdAt` datetime NOT NULL,
  `updatedAt` datetime NOT NULL,
  PRIMARY KEY (`id`),
  UNIQUE KEY `username` (`username`)
) ENGINE=InnoDB AUTO_INCREMENT=2 DEFAULT CHARSET=latin1 COLLATE=latin1_swedish_ci;
/*!40101 SET character_set_client = @saved_cs_client */;

--
-- Dumping data for table `Users`
--

LOCK TABLES `Users` WRITE;
/*!40000 ALTER TABLE `Users` DISABLE KEYS */;
-- No need for that
INSERT INTO `Users` VALUES (1,'admin','$2b$10$nGyJklbaEjQbbTJZ6hLLA.36yMpKpSCwl1e6Kzexa49C7v3BPB6RS',1,'editor','2023-11-10 11:01:20','2023-11-10 11:01:20');
/*!40000 ALTER TABLE `Users` ENABLE KEYS */;
UNLOCK TABLES;
/*!40103 SET TIME_ZONE=@OLD_TIME_ZONE */;

/*!40101 SET SQL_MODE=@OLD_SQL_MODE */;
/*!40014 SET FOREIGN_KEY_CHECKS=@OLD_FOREIGN_KEY_CHECKS */;
/*!40014 SET UNIQUE_CHECKS=@OLD_UNIQUE_CHECKS */;
/*!40101 SET CHARACTER_SET_CLIENT=@OLD_CHARACTER_SET_CLIENT */;
/*!40101 SET CHARACTER_SET_RESULTS=@OLD_CHARACTER_SET_RESULTS */;
/*!40101 SET COLLATION_CONNECTION=@OLD_COLLATION_CONNECTION */;
/*!40111 SET SQL_NOTES=@OLD_SQL_NOTES */;

-- Dump completed on 2023-11-10 12:05:41
